wifi-cosmetix2573.inescn.pt	cache-09
ple2.dmcs.p.lodz.pl	cache-07
planetlab3.rutgers.edu	cache-05
ple1.dmcs.p.lodz.pl	cache-09
onelab1.info.ucl.ac.be	cache-08
iraplab2.iralab.uni-karlsruhe.de	cache-09
onelab2.info.ucl.ac.be	cache-08
icnalplabs1.epfl.ch	cache-09
planetlab2.informatik.uni-erlangen.de	cache-06
planetlab-02.vt.nodes.planet-lab.org	cache-01
planetlab2.temple.edu	cache-05
planetlab1.cs.colorado.edu	cache-01
planetlab1.cs.uml.edu	cache-05
pli1-pa-3.hpl.hp.com	cache-03
pl2.cs.yale.edu	cache-04
pli1-pa-1.hpl.hp.com	cache-05
plnode-04.gpolab.bbn.com	cache-03
pl3.cs.unm.edu	cache-03
planetvs2.informatik.uni-stuttgart.de	cache-07
ricepl-5.cs.rice.edu	cache-03
planetlab2.tsuniv.edu	cache-01
pl4.cs.unm.edu	cache-04
ampelos.ipv6.lip6.fr	cache-06
pl1.cs.yale.edu	cache-04
roam1.cs.ou.edu	cache-01
planet-plc-2.mpi-sws.org	cache-08
planetlab2.cs.colorado.edu	cache-01
host2.planetlab.informatik.tu-darmstadt.de	cache-06
plink.cs.uwaterloo.ca	cache-02
planetlab-03.cs.princeton.edu	cache-04
host1.planetlab.informatik.tu-darmstadt.de	cache-08
sybaris.ipv6.lip6.fr	cache-06
planetlab2.cs.uml.edu	cache-04
cs-planetlab3.cs.surrey.sfu.ca	cache-02
planetlab2.eecs.ucf.edu	cache-02
planetlab-tea.ait.ie	cache-09
planetlab5.csee.usf.edu	cache-04
node1.planetlab.uni-luebeck.de	cache-09
pl-node-0.csl.sri.com	cache-03
planetlab1.cs.okstate.edu	cache-05
plnode-03.gpolab.bbn.com	cache-02
planetlab-01.vt.nodes.planet-lab.org	cache-02
righthand.eecs.harvard.edu	cache-01
planet-plc-1.mpi-sws.org	cache-07
planetlab1.temple.edu	cache-04
saturn.planetlab.carleton.ca	cache-02
planetlab2.cis.upenn.edu	cache-04
planet1.elte.hu	cache-07
planetlab3.wail.wisc.edu	cache-05
inriarennes1.irisa.fr	cache-07
planetlab2.arizona-gigapop.net	cache-03
planetlab-1.calpoly-netlab.net	cache-04
planetlab1.cs.purdue.edu	cache-05
pli1-pa-6.hpl.hp.com	cache-04
planetlab1.unl.edu	cache-03
empusa.ipv6.lip6.fr	cache-06
merkur.planetlab.haw-hamburg.de	cache-09
planetlab-3.imperial.ac.uk	cache-07
planetlab1.unr.edu	cache-01
pli1-pa-4.hpl.hp.com	cache-01
planetlab1.eecs.ucf.edu	cache-02
ricepl-2.cs.rice.edu	cache-03
vn5.cse.wustl.edu	cache-03
planetlab1.cs.umass.edu	cache-05
planetlab-2.calpoly-netlab.net	cache-03
planetlab2.cs.purdue.edu	cache-04
planetlab3.arizona-gigapop.net	cache-02
planetlab2.unl.edu	cache-03
ple4.ipv6.lip6.fr	cache-09
planetlab1.cs.uoregon.edu	cache-05
planetlab3.cesnet.cz	cache-09
anateus.ipv6.lip6.fr	cache-08
planetlab1.extern.kuleuven.be	cache-07
planetlab1.net.in.tum.de	cache-09
pl2.cs.unm.edu	cache-03
pl1.rcc.uottawa.ca	cache-02
planetlab1.tsuniv.edu	cache-01
plab3.cs.msu.ru	cache-07
lefthand.eecs.harvard.edu	cache-03
planetlab2.cs.unc.edu	cache-03
75-130-96-13.static.oxfr.ma.charter.com	cache-04
planet-lab-node2.netgroup.uniroma2.it	cache-09
plab1.cs.msu.ru	cache-09
prata.mimuw.edu.pl	cache-09
pli1-pa-2.hpl.hp.com	cache-01
planetlab3.hiit.fi	cache-08
pl2.ucs.indiana.edu	cache-02
planetlab3.cs.uoregon.edu	cache-05
planetlab-coffee.ait.ie	cache-07
planetlab1.rd.tut.fi	cache-06
planetlab2.cs.ubc.ca	cache-01
pl2.cs.montana.edu	cache-04
planetlab1.upm.ro	cache-09
planetlab2.utdallas.edu	cache-02
planetlab2.extern.kuleuven.be	cache-07
node1.planetlab.mathcs.emory.edu	cache-05
planetlabtwo.ccs.neu.edu	cache-03
dplanet1.uoc.edu	cache-06
planetlab2.nrl.eecs.qmul.ac.uk	cache-07
node2.planetlab.uni-luebeck.de	cache-09
planetlab4.postel.org	cache-02
planetlab1.xeno.cl.cam.ac.uk	cache-07
pl2.bell-labs.fr	cache-09
planetlab1.ucsd.edu	cache-04
planetvs1.informatik.uni-stuttgart.de	cache-06
planetlab6.goto.info.waseda.ac.jp	cache-10
pl1.bell-labs.fr	cache-06
pl1.cs.montana.edu	cache-02
plab1.create-net.org	cache-06
planetlab2.unr.edu	cache-01
planetlab2.eecs.wsu.edu	cache-01
planetlab1.cs.du.edu	cache-05
ebb.colgate.edu	cache-04
ple1.cesnet.cz	cache-06
planetlab1.cs.ubc.ca	cache-01
plewifi.ipv6.lip6.fr	cache-06
planetlab2.cs.uoregon.edu	cache-03
planetlab-um00.di.uminho.pt	cache-07
planetlab2.netlab.uky.edu	cache-01
planetlab4.goto.info.waseda.ac.jp	cache-10
planetlab-2.fhi-fokus.de	cache-08
planetlab2.xeno.cl.cam.ac.uk	cache-07
planetlab1.u-strasbg.fr	cache-08
emoi	cache-07
planetlab1.mini.pw.edu.pl	cache-09
planetlab-1.research.netlab.hut.fi	cache-08
planetlab2.koganei.itrc.net	cache-10
pl2.sos.info.hiroshima-cu.ac.jp	cache-10
ricepl-1.cs.rice.edu	cache-04
planetlab2.cti.espol.edu.ec	cache-04
planetlab2.s3.kth.se	cache-06
planetlab2.ci.pwr.wroc.pl	cache-06
planetlab2.jcp-consult.net	cache-07
planetlab1.dit.upm.es	cache-07
planetlab01.tkn.tu-berlin.de	cache-06
plab4.ple.silweb.pl	cache-06
planetlab-1.fhi-fokus.de	cache-08
plab2.ple.silweb.pl	cache-06
plab2.create-net.org	cache-08
planetlab2.cesnet.cz	cache-06
planetlab2.williams.edu	cache-05
planetlab02.tkn.tu-berlin.de	cache-09
ple6.ipv6.lip6.fr	cache-06
plonk.cs.uwaterloo.ca	cache-03
planetlab4.hiit.fi	cache-06
vn4.cse.wustl.edu	cache-05
plab3.eece.ksu.edu	cache-01
planetlab1.acis.ufl.edu	cache-02
planetlab1.cti.espol.edu.ec	cache-04
planetlab1.cs.unc.edu	cache-03
cs-planetlab4.cs.surrey.sfu.ca	cache-03
planetlab1.eecs.wsu.edu	cache-01
planetlab1.utdallas.edu	cache-01
planetlab1.ci.pwr.wroc.pl	cache-08
inriarennes2.irisa.fr	cache-09
planetlab3.ucsd.edu	cache-01
planetlab1.tmit.bme.hu	cache-07
planetlab1.otemachi.wide.ad.jp	cache-10
plab4.eece.ksu.edu	cache-04
planetlab-1.ssvl.kth.se	cache-07
planetlab1.cs.ucla.edu	cache-05
planetlab-5.eecs.cwru.edu	cache-01
planetlabone.ccs.neu.edu	cache-01
planetlab-1.ing.unimo.it	cache-06
pl1.sos.info.hiroshima-cu.ac.jp	cache-10
node2.planetlab.mathcs.emory.edu	cache-02
planetlab3.mini.pw.edu.pl	cache-07
planetlab1.koganei.itrc.net	cache-10
planetlab-2.research.netlab.hut.fi	cache-08
kc-sce-plab2.umkc.edu	cache-04
planetlab1.virtues.fi	cache-09
planetlab2.virtues.fi	cache-09
planetlab3.net.in.tum.de	cache-07
planetlab2.csuohio.edu	cache-01
peeramidion.irisa.fr	cache-07
planetlab1.mta.ac.il	cache-06
planetlab1.tlm.unavarra.es	cache-08
planetlab3.williams.edu	cache-05
pl1.tailab.eu	cache-07
planetlab1.pop-mg.rnp.br	cache-04
planetlab1.ustc.edu.cn	cache-10
planetlab4.williams.edu	cache-05
pl2.6test.edu.cn	cache-10
planetlab0.otemachi.wide.ad.jp	cache-10
planet-lab-node1.netgroup.uniroma2.it	cache-06
planetlab2.acis.ufl.edu	cache-01
planetlab-um10.di.uminho.pt	cache-06
planetlab1	cache-10
planetlab-n2.wand.net.nz	cache-10
planetlab3.bupt.edu.cn	cache-10
planetlab1.cs.uit.no	cache-06
planetlab-js2.cert.org.cn	cache-10
planet-lab1.uba.ar	cache-05
planetlab-1.sjtu.edu.cn	cache-10
planetlab1.bgu.ac.il	cache-06
planetlab2.cs.ucla.edu	cache-05
ple2.cesnet.cz	cache-06
planetlab2.cs.aueb.gr	cache-06
planetlab02.cs.washington.edu	cache-02
aguila1.lsi.upc.edu	cache-08
pl2.tailab.eu	cache-07
planetlab-n1.wand.net.nz	cache-10
planetlab3.upc.es	cache-07
planetlab2.pop-mg.rnp.br	cache-02
planetlab1.di.unito.it	cache-07
pl1.eng.monash.edu.au	cache-10
planetlab2.ecs.vuw.ac.nz	cache-10
gschembra3.diit.unict.it	cache-08
planetlab1.fct.ualg.pt	cache-06
pl2.eng.monash.edu.au	cache-10
pluto.cs.brown.edu	cache-05
ple2.ait.ac.th	cache-10
ple1.ait.ac.th	cache-10
planetlab2.cs.uoi.gr	cache-06
pl1.6test.edu.cn	cache-10
planetlab-2.sjtu.edu.cn	cache-10
planetlab-js1.cert.org.cn	cache-10
planetlab2.comp.nus.edu.sg	cache-10
ple2.ipv6.lip6.fr	cache-07
planetlab2.cqupt.edu.cn	cache-10
pl1.pku.edu.cn	cache-10
planetlab3.comp.nus.edu.sg	cache-10
planetlab-2.man.poznan.pl	cache-07
planetlab1.clemson.edu	cache-04
planetlab2.clemson.edu	cache-01
planetlab1.cqupt.edu.cn	cache-10
pl2.zju.edu.cn	cache-10
planck227ple.test.ibbt.be	cache-06
planet-lab3.uba.ar	cache-03
planetlab4.cs.uoregon.edu	cache-03
planetlab2.sfc.wide.ad.jp	cache-10
planetlab1.ecs.vuw.ac.nz	cache-10
planetlab2.upc.es	cache-09
stella.planetlab.ntua.gr	cache-07
planet-lab4.uba.ar	cache-05
onelab3.info.ucl.ac.be	cache-09
ple2.tu.koszalin.pl	cache-06
planetlab2.cnis.nyit.edu	cache-04
pl2.pku.edu.cn	cache-10
pl1.eecs.utk.edu	cache-01
planet1.servers.ua.pt	cache-09
planetlab1.cnis.nyit.edu	cache-01
planetlab1.cs.columbia.edu	cache-05
planetlab1.cesnet.cz	cache-07
planetlab2.eecs.jacobs-university.de	cache-09
pl-node-1.csl.sri.com	cache-04
planetlab1.csuohio.edu	cache-05
node1.planetlab.albany.edu	cache-03
planetlab-2.ing.unimo.it	cache-07
vicky.planetlab.ntua.gr	cache-06
planetlab-2.cse.ohio-state.edu	cache-02
planetlab1.netlab.uky.edu	cache-05
planetlab1.uta.edu	cache-04
planetlab4.mini.pw.edu.pl	cache-09
planetlab1.upc.es	cache-07
ops.ii.uam.es	cache-07
planetlab-01.bu.edu	cache-05
planetlabeu-1.tssg.org	cache-09
planetlab2.c3sl.ufpr.br	cache-02
planetlab1.postel.org	cache-04
planetlab2	cache-10
planetlab1.eecs.umich.edu	cache-02
planetlab1.utt.fr	cache-08
icnalplabs2.epfl.ch	cache-07
planetlab1.cs.uiuc.edu	cache-04
planetlab03.cs.washington.edu	cache-03
planetlab3.cs.columbia.edu	cache-03
planetlab-2.cs.uic.edu	cache-01
planetlab2.csee.usf.edu	cache-05
planetlab2.ucsd.edu	cache-04
planetlab-1.cs.uic.edu	cache-01
planetlab1.nrl.eecs.qmul.ac.uk	cache-08
mars.planetlab.haw-hamburg.de	cache-09
planetlab2.cs.columbia.edu	cache-01
aguila2.lsi.upc.edu	cache-08
planetlab2.informatik.uni-kl.de	cache-06
planetlab2.rutgers.edu	cache-02
planet-lab2.cs.ucr.edu	cache-07
planet-lab1.cs.ucr.edu	cache-07
netapp7.cs.kookmin.ac.kr	cache-07
planetlab-2.scie.uestc.edu.cn	cache-07
planetlab2.ics.forth.gr	cache-07
planetlab2.cs.otago.ac.nz	cache-07
utet.ii.uam.es	cache-07
planetlab1.cs.otago.ac.nz	cache-07
planetlab-1.scie.uestc.edu.cn	cache-07
netapp6.cs.kookmin.ac.kr	cache-07
planetlab1.informatik.uni-kl.de	cache-06
planetlab1.rutgers.edu	cache-02
iraplab1.iralab.uni-karlsruhe.de	cache-07
planet1.pnl.nitech.ac.jp	cache-10
planetlab1.arizona-gigapop.net	cache-02
planetlab1.comp.nus.edu.sg	cache-10
planetlab1.csg.uzh.ch	cache-07
planet2.pnl.nitech.ac.jp	cache-10
planetlab1.informatik.uni-goettingen.de	cache-06
planetlab1.fit.vutbr.cz	cache-07